Date,MKT_RF,SMB,HML,RMW,CMA,QMJ,BAB,UMD,RF
1990-01-31,-0.013629721201690368,0.008234829572873532,-0.05967729317837126,0.04826983865402283,0.0048055573227007925,0.007134999497347557,0.049593840210054765,0.05012041027454123,0.004980500232313494
1990-02-28,-0.04955843397375367,-0.022256964898336448,0.04503005689078756,0.009871153376272203,0.024550922239764558,-0.05484171025689232,0.03319673394787027,0.002473072432360594,0.004443151686756463
1990-03-31,-0.02679866202162101,-0.009018182531572501,0.02306351469345254,0.04885324691690041,-0.011947927704878286,0.005223214370301207,0.034212438140395096,-0.00789589405998016,0.0048889989536204164
1990-04-30,0.018246931147366127,0.038445764678348864,-0.03334176330914555,-0.01142972674381473,0.00544419300041284,0.0056666564277001235,-0.0191057857163683,-0.017627511101656695,0.004600896303576031
1990-05-31,-7.602403043809394e-05,0.040746249105539624,-0.03405926703102135,0.0032369336367139394,-0.02174802385461423,0.02518548454015503,0.02516513170874716,0.03540459569844137,0.005111449460683617
1990-06-30,0.024764967621889875,-0.03782530905631484,0.035701470805946836,-0.0216851930013238,0.011000280060031512,0.025350733390384572,-0.012890858156034732,0.002921670889804549,0.004609470783392703
1990-07-31,-0.021773638583788512,0.018259508860442503,-0.018970243699443095,0.02180340271613974,0.00907988921453351,-0.024404401513273725,-0.021018276525610342,0.03306858239525358,0.004809431295855213
1990-08-31,0.034900884938035,-0.00451116859884584,-0.03291860206125636,0.027479702406084047,7.954332479896643e-05,-0.03778667748118424,-0.06480390893957541,0.023275503578903997,0.005068879436715152
1990-09-30,0.02454870943780198,-0.022829131945748163,0.005347909343941085,-0.013998642619065024,-0.015493613999224207,0.005335351846089278,-0.01053894753595978,-0.00448699803719407,0.004357753710040821
1990-10-31,0.07681179606373192,0.0007136705816120944,-0.04910024626660991,0.007876184072382471,-0.00937445118206828,0.039097247503654745,0.01290362853866333,0.05243152235551929,0.005060692815093804
1990-11-30,-0.006218265215329264,0.01677074700061595,0.015142736567349317,0.01444755702509464,-0.026650133516089032,0.022813038756148235,0.03723751563166469,-0.03890806105286904,0.004802646261656699
1990-12-31,0.02123169254490348,0.043440767954650614,-0.031214312208551385,-0.0058441008850894476,0.019647766118593646,0.01499110656416568,0.0008775389025495054,0.017903341410436573,0.004641884082384191
1991-01-31,-0.03959032140199467,0.00878582801908359,0.05246716109539326,0.024472979885393136,0.005979658372278863,-0.02455113151368085,-0.02149164861903518,-0.035700825557963,0.005061184472875699
1991-02-28,0.016007255001299635,0.0062350711293480895,0.08103811060864405,-0.02066003894304568,0.0008158210242361933,0.026214181104315434,0.04000579462696136,0.009006244943758658,0.0044373295193616165
1991-03-31,-0.055530995393047865,-0.0471951547351955,-0.0251222673041258,-0.01249181601309424,0.022626425224783104,-0.010997428767212648,-0.03189537271725751,-0.00297597545405439,0.004642683206024364
1991-04-30,-0.030160804664957734,0.005401057541914155,0.02432903206840637,-0.0033518245124626997,-0.006387361203262417,0.010757843027330365,-0.024681398613868952,0.11938183251087604,0.004899933872919554
1991-05-31,0.036737175856940606,0.01912320819374628,-0.04411046973989346,-0.021375244329877058,-0.011063327482979283,0.01018483732620084,0.005702332615234977,-0.009590967198742143,0.005155448835469551
1991-06-30,-0.010689545321034697,-0.007548111296172017,-0.022467633243502424,0.014485741470128002,0.0003437901334408355,-0.04312817313490578,0.016842920667504813,0.014375424588583315,0.004352795750358675
1991-07-31,0.02114172282363609,0.015497093784855021,-0.09784344555123398,-0.022423285675228454,0.0071370917538534995,-0.022815958751589364,0.0023762379549490276,-0.10005565832355531,0.00506609752127411
1991-08-31,0.07170629188053536,0.0016181679599654103,0.0048322072472506365,-0.0265658466707249,0.005790477057453717,-0.03482414003518407,0.04682509234637486,0.035181937216637385,0.004821262670293427
1991-09-30,-0.0134269413940109,0.0005184173919400683,0.014543746176726971,-0.00978540281201362,0.025192785381504015,-0.01010886210525099,0.02450997986244804,0.004434631691896834,0.004597879413806747
1991-10-31,0.029441842605351546,-0.005848270060243951,0.007551896011256489,0.010239291757049487,-0.01086793437645486,0.007977887876459254,-0.04323788587470646,-0.01411622138762114,0.005007003577686536
1991-11-30,0.05187224759192587,-0.033558426095116764,-0.0012567934291246535,-0.0010591595971420151,-0.0028338835619110634,0.006603219390369904,-0.042470532273393716,0.07492500255933243,0.004610982362514476
1991-12-31,0.014306231690026356,-0.020519367740058345,0.03621225772717214,0.0010108278608165445,-0.008924393263506514,-0.04567701348044883,0.022972412324453968,-0.005123761576587066,0.004836672762462954
1992-01-31,-0.028542556567212385,0.009095377065899694,0.0476110523105532,-0.0007749304108983571,0.02402133688290233,0.023299443062955234,-0.0006115313846177216,0.007723259365860601,0.004992036064684508
1992-02-29,0.019026044763273724,-0.018672075918438363,0.008574373980345846,-0.02918757961952306,-0.019160869820750142,0.023062956999596672,0.014769872338609099,-0.0152730471337724,0.0042894297434839055
1992-03-31,0.01280666238305923,-0.02270026364141739,-0.012887618487229014,-0.007853998049143366,-0.04645028561272366,-0.03516389138036843,-0.013794928475848775,0.0015974081688388837,0.00480685471658838
1992-04-30,-0.016651401418382034,0.013438542990189392,-0.05209703341282152,0.007259616206773312,0.03983581952283931,-0.024029179547665567,0.018458808432753354,-0.047423176407211956,0.004768166228585962
1992-05-31,-0.008380799402406245,0.00037078893792474,-0.011289281819508133,-0.014424607411653575,-0.016501827278736145,-0.014906470531567477,-0.009329363982635829,-0.04422399959691518,0.004602862341104216
1992-06-30,-0.0055532788436771395,0.05088683493020049,-0.03717511275269886,-0.0016734820562968097,-0.02722572178879451,0.028103259242478938,-0.00634845214043391,-0.02250592987827304,0.004881220927707187
1992-07-31,0.017828208170273648,-0.003188531751125217,0.07820468221743056,-0.023770734424177924,0.027242878428421047,-0.005249412723201647,-0.024812982002065852,0.049628272643057234,0.005065096443491762
1992-08-31,0.05732018763859108,0.000986187782660743,0.025427260194539433,0.041989242012236076,-0.03174507232663578,-0.04855791887256135,-0.001693095831209441,0.04988649668481613,0.00467484796469041
1992-09-30,0.05625050992267368,0.012863991882065738,0.04203552935131732,-0.023452556008831057,-0.00973738162939835,0.05302392988983359,0.04053014496990373,0.055446007956922845,0.0048409769648242494
1992-10-31,0.022664379106318314,-0.04204492489002105,-0.002277077827318595,0.020024901306568574,0.01285056464571897,0.034505356454393975,-0.009771595738498815,-0.06361699169996837,0.004845789437860888
1992-11-30,0.006587607412222758,0.02490306202750325,0.018844636062528685,0.0001983112830361962,-0.06546625438334855,-0.03415894781824946,-0.0016484059195541623,-0.010530572876813351,0.00467689759361201
1992-12-31,0.06107175551089512,0.01657161047513257,0.012001173284141457,-0.03276584045274755,0.011506177260659351,-0.004352970029835257,-0.012289743008818188,-0.10227343252673002,0.00508525823071124
1993-01-31,0.0351971069525637,-0.019664332571091778,0.031969286109625523,0.026260833891645075,0.03386504453150709,-0.021724329287658304,-0.0035136500015484876,-0.0020631815463641994,0.004571054747617606
1993-02-28,0.002594496032307804,0.010700515254511558,0.013835817804173069,-0.003713518981117255,-0.032863748052953216,0.0009035059524181437,0.07195072370579855,0.07456504581049875,0.004445433224795452
1993-03-31,-0.013464073515315585,-0.03795098790518137,-0.010941930787770691,0.007319580896262568,0.021422209815998638,0.000755656673980633,0.006241526867495654,0.021386641286877874,0.005054743566333331
1993-04-30,-0.0325674488121566,-0.00794286545212362,0.049860925009062605,0.015716617706188832,-0.047442432709657326,-0.04201126218123513,-0.021149158046781892,0.010547722116779948,0.004849845708869436
1993-05-31,0.05767784042271495,-0.07265140939347811,-0.03934575648061612,-0.007298809942249601,-0.005440524752167763,-0.013717010284371427,0.00485249424142411,0.015333820032637498,0.004580824208742192
1993-06-30,0.0630882600303311,-0.0007703812918520968,-0.022926240231517438,-0.050001506869006826,-0.027974132538876574,-0.03866779858177861,-0.011690000427192974,0.03288045254228392,0.004797485965144913
1993-07-31,0.04474071083410007,0.03586522033216584,0.013058474406419046,0.011518767048161016,-0.01867925323567823,-0.08028955696531559,-0.014980882425156657,0.04544388088203051,0.004860179464718396
1993-08-31,-0.01369233787865177,0.0049821782590586325,0.05117113052671248,-0.027141487614357453,-0.0051483996666510075,-0.030608021396730425,-0.011984437471661294,-0.0581580334854518,0.004781643303230998
1993-09-30,-0.01854410260542106,-0.010334864157668848,0.0053931765365668,-0.03277711727078878,-0.01555146938697776,-0.04646791854725106,0.028694763075114645,0.04117918153510553,0.004821121281418314
1993-10-31,0.010386376365555602,0.01020027654345656,-0.04259351906961354,0.01819409536048463,-0.012823234720346846,-0.01135332521061664,-0.02346036342665355,-0.057421237121822816,0.004551389785456048
1993-11-30,0.006463762398358647,0.053624265077217174,0.049515250838194025,-0.023443382447557223,-0.03989591580059376,-0.06658473782507641,-0.008708677234370443,-0.083373533645794,0.004777071315886297
1993-12-31,-0.042799401388402755,-0.01710389422386233,-0.06499996747710325,-0.0230483701193861,0.010410821120754348,0.05840828870533045,0.019925482293774596,0.07536200073278805,0.004994015944615293
1994-01-31,0.0034981384237822996,0.03263540341973047,0.03713309203343872,-0.02475960753810438,-0.028384877927262357,0.01999869315886233,-0.060820930110790435,0.001966632029446084,0.004701009322586908
1994-02-28,0.05381039935659387,-0.008012768404501235,0.012047879923303365,0.0055969434633426265,0.010033517242691557,-0.033221329886363324,0.025616358128054625,0.01557090901982245,0.004436916224028053
1994-03-31,0.035473573386140336,-0.003945393848766859,0.023969622445266105,-0.04978608619645432,0.012607387241296938,0.014652541626526433,0.019881898363023096,0.007110617416876628,0.005067646475999809
1994-04-30,0.00712544017502421,0.010291111948940616,0.020468074273805106,-0.0004039098782603681,0.017936310418159827,-0.07051962830880798,-0.0024686371359227436,0.04014206619762489,0.004635113169730935
1994-05-31,-0.021006517974034918,0.017535489111696945,-0.0336593416660216,0.01864830017430871,0.010293500844138971,0.0663941058078704,-4.551597744761838e-05,0.0017157487235822406,0.0048272026933594845
1994-06-30,-0.023611444689083702,0.02352333176159169,-0.006449299377502198,-0.011437999514901391,-0.023739823168211778,-0.008955975574873622,-0.008163087647792128,-0.032912964114189425,0.0047739186218505565
1994-07-31,-0.010071002073728502,-0.012704066216643184,-0.004391627521026393,-0.007049965720429511,0.012566784873840765,0.015423959458244464,0.020000574758173618,0.02059353338352879,0.004580633723078945
1994-08-31,0.012858955053223362,0.012749963807640928,0.03476881416710275,-0.02672195191760498,0.032376550213554595,0.03806085234196356,0.0005149746361052341,0.04501966824513297,0.005129127501046626
1994-09-30,0.02309911476075258,-0.011731627977540657,0.0034529067073687334,-0.009392492466864756,0.0014421864963154846,0.0036253398968395245,-0.0475857376675117,0.05642871598533271,0.004742483563285013
1994-10-31,0.057731030447041934,-0.0037537531481365684,0.0510148511739898,-0.00162050260086526,-0.0014693418570684708,0.009849410347630278,0.014849906324792935,-0.034812445300533526,0.0046062217538022365
1994-11-30,0.016398185494058935,-0.050326292816097136,0.036220365055945405,-0.015124398949090314,-0.0032817871122171856,0.027425942575229862,-0.01310205574836281,-0.08095331827357713,0.004851654598046869
1994-12-31,0.0034094590100712347,-0.0076173890383642185,0.048484566813718724,0.006497835279294216,-0.0270796471996846,0.012948470903923863,0.06115960148384151,0.011120815657314523,0.004819956118356928
1995-01-31,0.0033882827181512306,-0.020340086498132168,0.022539893278360833,-0.03867833162851364,-0.005737297544774256,0.03990714790838936,-0.011056644344237115,0.0707825779716498,0.005554513535416496
1995-02-28,-0.02686868960889986,0.003120376678762725,-0.026859203207103107,0.0008340034516479376,-0.00807386940476365,0.08720685056624783,-0.03983769095064886,0.010386388402505966,0.004999981933038987
1995-03-31,0.00017099215629855398,0.06710718987392206,0.006180267441530964,0.01567340298508681,0.008954957063630621,-0.06020085291789123,-0.021572886092676276,0.035634218827073516,0.005752148513707354
1995-04-30,-0.03515016036628811,-0.03176027078635143,-0.04883263811583392,0.0117678328277108,-0.010611639450581368,0.009128043730058277,0.014217474205276595,-0.05633172219231936,0.0049367770172959674
1995-05-31,0.018280699590891583,0.006022909975881408,-0.018006608575162685,0.047233442425932706,-0.0015786437457419502,0.020496352025802484,-0.004887515885362418,0.038028687475085664,0.005696143931831608
1995-06-30,0.07329937674445479,-0.0202684149312575,-0.0063037102692642556,-0.015674644171247393,0.014992532935848088,0.034036930243846214,-0.046372756220001116,0.022172034088399215,0.005485819832625908
1995-07-31,0.03069773088207459,-0.0022765895016426917,-0.032533057875867306,0.015892821112426996,0.030699055556252186,-0.05894799498326642,0.03377501222795883,0.0032328511910533504,0.005228146235315663
1995-08-31,0.010256971691194603,-0.08695583635308103,0.055486252268534514,0.026698344960265186,0.025130648595817536,0.046427728409859904,0.002528883006913339,0.00719181634078434,0.005751509141122419
1995-09-30,0.03750642867455487,-0.025885480193012355,0.0007713720448677287,0.005984699217480075,-0.0202409178955523,-0.03997155753713546,0.010856256403780372,0.04276640192968588,0.005160285718390589
1995-10-31,0.04170447634647302,0.05613152646956728,-0.014284061953876348,0.008605758244598919,0.026526399150528117,0.03406780232396239,0.005619143207496088,-0.000611264923822128,0.005436434621206843
1995-11-30,0.03389893186871582,0.0194247506650577,-0.06366821206489043,0.017506026447182577,0.00039102626332079534,0.0010514869780474194,0.030620712935028264,-0.007223003169557077,0.0055258182772778995
1995-12-31,0.004278541450117913,-0.027032598685197588,0.0011409702292480943,0.020459327780184975,0.01879879661492576,0.008170744170711853,0.051346259028185494,0.02253327481545616,0.005219705062782382
1996-01-31,-0.015065878470950818,-0.014247965986180888,0.010402514430759967,-0.002569395510528363,-0.033737558120630354,0.042109341474328814,-0.02640764910354775,0.06374836576173117,0.005847142207328629
1996-02-29,-0.0206021597189154,-0.03013972851093394,0.05146236528228741,0.02392960547257807,0.038091296155759444,0.025529522083157657,-0.006160364107818289,0.016021991530158482,0.005251530378506835
1996-03-31,0.03423267465171312,0.017787372333979,-0.03432707527124079,-0.040372077301441184,0.005370244721285898,-0.059047030208156714,0.02389147183110934,0.04178917273368878,0.005287248328880956
1996-04-30,0.052911541489751975,-0.06342388788078782,0.024697472916742735,-0.004180539873482372,0.01382705479849712,-0.042564424978986416,0.006144106084305456,-0.008614301794267996,0.00553303404209601
1996-05-31,0.037110135460824395,-0.0286633549928662,-0.000821803431168162,0.032371734873433415,-0.012310125661701709,-0.06716426889989452,-0.046274350412666414,-0.05531325383806358,0.005840335578005063
1996-06-30,0.049563023071509886,0.009308311617936065,-0.016232492782077335,0.0019558345441240844,0.035541094319068135,-0.044008164366388644,0.04262307419427679,-0.01823582277495537,0.004993387370012302
1996-07-31,0.03837374449575746,-0.013484338741863968,0.004392998633244084,-0.007792836102900354,0.010068474298139365,0.01564882963920008,-0.02035928635255691,0.021236861459816517,0.005741075904993558
1996-08-31,0.015845949875771655,0.01570757220682716,-0.004083545945736233,-0.0304829174869278,0.015080903617772767,0.019457793705565274,0.03236718532526601,-0.11816114678557166,0.005477104038150355
1996-09-30,0.051385685866699844,0.0021073309441231557,-0.06675145017593136,-0.01371705584097528,-0.0009659319230064822,0.009385864719908025,0.05069379219314713,-0.011520815364918726,0.005325556886854392
1996-10-31,0.004785932324449796,-0.003292718064941892,0.032492670230054546,-0.013246888427270382,0.020515142282685073,-0.015577629896329817,-0.044416847528996585,0.10202935148592443,0.00583460180683022
1996-11-30,0.0004944442800459033,0.009279474270510384,-0.04463367100564258,0.0746910100363337,0.005977392335980531,0.07710136093870612,-0.028313458121621296,0.04659954167611702,0.0053091545473893595
1996-12-31,-0.013574025432763008,0.010440536111371924,0.00284580665882943,-0.04930654623241383,0.018020347567524565,0.004924621745957543,-0.042557254149318546,-0.001156320633568091,0.005523707911870856
1997-01-31,0.02698226913009407,-0.040053317334818005,0.04147605042503648,-8.694987579824492e-05,0.034487583459459514,0.07492060809809582,0.00037459952862795584,-0.08756717922225396,0.005704497074905222
1997-02-28,0.007149194408214221,0.025627895257114734,-0.03873814110220459,0.022217384618163093,0.01824040153314757,0.008046691991606285,0.013217300664683197,0.07292423956960517,0.004996951430254571
1997-03-31,-0.02619964437743247,-0.0041301783006053115,0.038080599124858325,0.0039971855874764255,-0.008819513332880351,-0.012663390036846758,0.03892507515304562,0.027234986004429446,0.005215600763284882
1997-04-30,0.018987917713780132,0.006889480582738172,-0.023212591758182757,0.032325116135863495,0.006330186115616052,-0.019840671952689723,-0.010002784503527217,-0.010295258158574476,0.005514497485724855
1997-05-31,0.007685760968693932,-0.01831581602153934,-0.025658947625447015,-0.009002391949931776,-0.017686512351831142,-0.005789622801684368,-0.0029318147897425435,-0.009584922636404666,0.0055326794939343634
1997-06-30,0.011399448934369926,0.05203627392684995,-0.03854716130029484,-0.005102052897469285,-0.0112731051163803,0.044015476199877016,-0.013885850976204971,0.05406771221781581,0.005336478233676186
1997-07-31,-0.024287543378753353,-0.01069498802268736,-0.037397432648251905,0.02115488193290609,0.00046455803443064877,-0.046083270136270456,-0.05334186680299832,0.028591431737322787,0.005748045996182827
1997-08-31,0.010902847552055093,-0.0005043992600026852,0.0009147598728400149,0.01123098408174067,-0.023490675540600837,-0.025111179656960865,0.014032534785614396,-0.01880614131193086,0.005217087674213977
1997-09-30,0.0019091244040537992,0.06365475317745478,0.014972680106869304,1.6581006168556872e-05,-0.010561288690886666,0.0020483733125487343,-0.017279098379322635,0.002477582082209273,0.005492361075858011
1997-10-31,0.01516720966364373,-0.04610054518192714,0.03293137796411797,-0.061009924546538224,-0.015757153358516865,-0.07923198525456106,-0.008156077456453206,-0.05709910971628486,0.005802879717420512
1997-11-30,0.02437085398957035,-0.01699421927542802,-0.04443864570941372,-0.026190455633000636,0.0589937319826185,0.011583062513225773,0.04603416316770462,-0.0050311021818130325,0.004980453969786588
1997-12-31,-0.013561926265199835,0.029444027193839213,-0.011918709947348357,0.02803913904321884,0.023515231778333666,-0.024861151504396002,0.002779535579063479,0.04328261652892358,0.005824107771330064
1998-01-31,0.053825697475920524,0.04158419033530362,-0.0385230973930323,0.02763484352095384,-0.0039605907462792155,-0.01110018835295317,-0.02444325465791734,-0.03618069257569456,0.005494001131393079
1998-02-28,-0.033038268703273914,-0.03408235084460447,0.08036576485972201,0.006551291686651137,0.02738859496254944,-0.004035964312982343,0.0036278351945748357,0.008244932788024838,0.005004615496749042
1998-03-31,0.023124545271419633,-0.03838803407861437,0.034160892572408716,0.02562466983798035,-0.011213534895944519,0.019364115414924984,-0.016477646003846772,0.005479370069040538,0.005540649211791972
1998-04-30,0.02050661780028664,-0.059736378271070305,0.013061464670856667,0.021085626188710897,0.01253636426578617,-0.020917041205526905,0.0299904727107316,0.11743979494856678,0.005461187539691133
1998-05-31,-0.006267756658139427,-0.017861999474144526,-0.06654649212985166,-0.0008180124905670834,-0.002464255930269617,0.04207560699503337,0.035495214429193615,0.02182803052969553,0.0052695498167181715
1998-06-30,0.012811539810774762,0.039959771841485345,0.048918305779260735,-0.01936719362994437,-0.011601468088918977,-0.052746200413887875,0.02306671035512408,-0.0023459181782112494,0.005594426408029441
1998-07-31,0.0031648614275331917,-0.037162898667645425,-0.042348658478867374,-0.04633351329207217,0.02638342461292803,-0.03122422570261046,0.053323008315164976,0.022946833204854068,0.005819243131664586
1998-08-31,0.004356862911167075,0.05217595842288027,0.0012685947720535284,-0.0048405759384535976,0.010456385592105258,0.018557182785751376,-0.00022561775791332022,-0.007102174295357122,0.005292729529322367
1998-09-30,0.03516538209466441,0.019162160591409974,-0.0465385786493758,-0.010368029739366225,0.00681449704735653,0.03299907143898494,0.003022104142412954,0.028888825907487342,0.00546061606814538
1998-10-31,-0.0034297334348000093,0.023408280852505417,0.008671046396851536,-0.003295805946561703,0.015757018990215352,0.0009365615102591429,0.030619628092616622,-0.08294985833182965,0.005524848592275845
1998-11-30,0.021395413068983994,0.014074325329425107,0.014943369470067587,0.01221660942336672,-0.011433170992880059,0.03335665182004072,-0.03196484637598014,-0.01085516932199769,0.005289423907304996
1998-12-31,0.05587596695411026,-0.03053435307022262,-0.033740511341947284,0.0028201005745075347,-0.01914500463111537,0.01683432325290625,0.03572184247225377,0.06738276864709584,0.0056814447197789004
1999-01-31,-0.010601140046440905,0.06332882981100921,0.011047735634109258,0.006679831731970046,-0.005451705707826312,0.026456387407992228,-0.0339640223413176,-0.031263393609074264,0.00520441096890512
1999-02-28,0.006994822808140752,0.05458958080924526,-0.024995873154334065,0.046951388024705845,-0.018818525066159515,-0.028865720794921366,0.052879497092816787,-0.03169467054555111,0.0049495133760115995
1999-03-31,0.043365663218095644,-0.011890510317586632,-0.02297210691204564,0.02506052727657371,0.007839662820149626,0.04513701991623142,-0.014362006842529213,-0.12154742378878966,0.005759157926242032
1999-04-30,0.04431645954913817,-0.01738963716959245,0.05142038714403543,0.01868246633255034,0.013259069098250219,0.04622154020200989,0.0083715742147671,0.053171326997296146,0.005579539176621088
1999-05-31,0.03726085650521945,0.023916590481769397,0.014239818401578522,-0.009747464835818264,-0.003946069328868779,0.012960465653479934,-0.03582225762558098,0.04549454527406059,0.005238019318934163
1999-06-30,0.020628293014672658,0.01328064688207992,0.02531318338259043,-0.03275378191816513,-0.014347996258286788,-0.01803933334359157,-0.06355385736615599,-0.021534410043523085,0.0055711141322709705
1999-07-31,-0.00891844087679148,0.011898429367832813,0.041917179423192404,-0.0013860579080823077,-0.021707131589725776,-0.025386767526429665,0.04526576580011915,0.010171003679074107,0.005495247030593408
1999-08-31,0.041329556673493154,-0.04780158145226557,0.00975332669737668,0.006641776034635857,-0.00820879196818534,0.0017177725833725675,-0.01899014253488932,-0.023982566686752305,0.005459562039283642
1999-09-30,0.04561323455617751,0.005466920721597145,-0.013776172678636582,0.026749738452492927,0.018723833571288782,0.05947565478718445,-0.0098002929110813,0.01498774269177573,0.005527050069410052
1999-10-31,0.004403639547164233,0.019706660108097872,0.0883026770200905,0.02181899062719878,0.00942642900161541,0.005412632965461519,0.025803942759864522,-0.030083372142158796,0.005243413642229122
1999-11-30,-0.01676011005842791,-0.00424907500890649,0.008670482246855135,0.021743580944395203,-0.016889594964300578,0.02153635896346393,-0.0025794037642885917,0.041024762031336814,0.005521981084916155
1999-12-31,-0.01112410368252533,-0.012479612836104291,-0.01082178295100606,0.01682918621420948,0.02303016909829861,0.02077279748384715,0.023447484160795343,-0.015015397458978102,0.005716152586865488
2000-01-31,0.061070181325850056,-0.01695250986369311,-0.02098943358748203,0.0030906888895338193,0.05179123924199617,-0.04703314923024716,-0.015409682631257901,-0.049570086853822595,0.0051580947792189856
2000-02-29,0.02672651399130623,-0.04831428475340256,0.003417556710694769,-0.013799251189688472,0.016303718557144287,-0.02913588469303619,0.015929653825854678,-0.05452829609220036,0.005296232903030575
2000-03-31,0.03561308442851074,0.027427888121169936,0.038752597883372125,-0.015725266278836282,-0.006993292314879685,0.04115356871716445,-0.009746330954219739,0.0680948011252802,0.005737430113676701
2000-04-30,-0.016550835023470482,-0.01585727387978026,0.10553022578456157,0.0053413032391451025,0.023685158834602257,-0.02157194353356828,-0.003554875300455631,-0.02955517670053324,0.004996886566995465
2000-05-31,0.02819542407753008,-0.049388939347705337,0.13263107167305954,0.018707125729042814,0.002473313612859429,0.059004909446542096,0.007891723358788794,0.059496274985765325,0.005727452770976967
2000-06-30,-0.17449400514407415,0.010660200835154201,-0.0005212082708824384,0.03382579841604235,0.011836250690925728,0.05299448609775204,0.013228397569062647,0.05038469068942266,0.0055759939461236495
2000-07-31,0.02090534511648407,-0.00972745425053287,0.029843993211854828,-0.011103401802570186,0.0017218154513419484,0.0010548265305243363,-0.0037546006193702203,-0.020655905129444492,0.005254798416225737
2000-08-31,0.15562461951760248,0.032420527130201035,-0.010489095523786247,0.03992339749962237,0.009304779442096121,-0.008851572421891715,0.0006897876980523372,-0.05903404752119336,0.005758947535176767
2000-09-30,-0.06441655978673404,0.02641733049934902,0.008641200941809778,0.033675707139818906,0.04761898438185338,-0.01153471616581457,-0.026321725107914917,0.017991322826184833,0.005233920298074493
2000-10-31,0.050012506966480186,0.05130106650342798,0.007154293378158186,-0.0251945729113974,0.04347007005757263,0.009441040980019527,0.031338762605606744,-0.010533094165525813,0.005487564429840261
2000-11-30,0.10689314043831016,0.002494464909239492,-0.04428048972446575,0.024079823889998842,0.03037978121876687,0.02204680315559031,0.04582717149627216,0.07920090095582856,0.005437139634988038
2000-12-31,0.0009258750593909189,0.037825671176676345,-0.0033328265435035274,0.06206212187574406,-0.03501419151636111,0.04308671969951072,-0.004157864878763583,0.021913182156768893,0.005206080602136761
2001-01-31,-0.029265984819916616,-0.012108331632122476,-0.04735706782740056,-0.026495403727065304,0.005979584040902401,-0.0016681522854991668,0.014411108910652459,0.08971529627757227,0.00408852154873838
2001-02-28,-0.0840839828342723,0.018769182979636864,0.04056867022330634,-0.008763256504965147,0.03724518512417427,-0.008895067139297249,0.01918430095514934,0.06623336415620759,0.0035673413053133643
2001-03-31,0.07913336089844072,-0.022548003056675113,0.021595752753980665,0.0317638911380101,0.022412980948668206,0.00498141145575748,0.018205346627932203,0.035423035439572266,0.003868920121789664
2001-04-30,-0.004331363436679248,0.014773202158387455,0.08803792106184957,-0.003406097048148815,0.026724878242919716,-0.038426136051132105,-0.0040739297452611085,0.001724303515955206,0.0038087174988612775
2001-05-31,0.0049940841284229,0.02144495956666456,0.06359121243150767,-0.020566147691509974,0.012414603848252083,-0.019371896541168422,0.0043945656937153365,-0.014683296677764072,0.0040790843155270986
2001-06-30,-0.052343240254768615,0.035437065926324646,0.038398090265045495,0.005042897256697326,0.0004144368424181678,0.04916700034367604,0.02740362574755183,0.09536412284861917,0.003812810839713066
2001-07-31,-0.1455346150369232,-0.01956647992229854,-0.021645749318577094,0.004072533055071296,0.008372964811535143,0.032385069659149765,0.012104387591005492,-0.018031808622970526,0.003908633533232022
2001-08-31,-0.04796941310455539,0.012994050415589365,0.023178960149202878,-0.00829690628141074,0.01680536509554583,0.0431673233241106,-0.009447301613898227,-0.0027020366307163035,0.004199599953380335
2001-09-30,-0.12326198678544902,0.05679785741468743,-0.0062047592274740646,0.00696834494163259,-0.0069699412983395695,-0.028916759716469044,-0.0008649185251534467,-0.05232148898357408,0.0036060218400115456
2001-10-31,-0.12680271996960285,-0.04833616265679737,-0.011949334605609728,0.00010345414714314335,0.008498093354484745,0.04180850045905548,-0.01996665765095852,-0.010614302011022932,0.004123940970990809
2001-11-30,-0.07487461068107744,-0.0021732994801456737,0.057140301938146544,0.07508390829316242,0.0038472505936505584,-0.01060396272093732,0.025257765244993246,-0.03868837938847622,0.003962968089678939
2001-12-31,-0.007388282516283153,0.0021867181822609848,0.07229984704666295,-0.008480737038423959,-0.012270788682160515,0.021494290475824344,-0.01002621661025165,0.032291281770265697,0.0038674423746826573
2002-01-31,-0.09164854430775562,0.0009517514518778067,-0.03400617807266343,-0.014347093131383677,0.020061227845503442,0.013574078210753607,-0.05856365783385915,-0.03819291077639797,0.00413622983309516
2002-02-28,-0.05499264387256638,-0.022285845841770974,-0.0595522160986892,-0.01646877631650137,0.008548437688098147,-0.03585132442393783,0.02029192109146367,-0.0043142709879043705,0.003457757690829848
2002-03-31,0.006158113990394022,-0.011994152262501858,-0.02618909720495531,0.04580043137208346,-0.017901660467784502,0.024652276582411647,-0.015085105895452554,-0.021869120849017733,0.0037814583506657774
2002-04-30,-0.1303742196825816,0.020513379298406832,0.017264145192755535,-0.026244946821248973,-0.036756584338463155,0.028852824519979836,-0.04464647640810639,0.010942615873330206,0.0038533698401142864
2002-05-31,-0.03253179684551397,-0.0074691103566062265,0.043577969027687374,-0.03178741110196914,-0.01186334808267566,0.0006379576256036234,-0.001996742436312208,-0.005751274633284871,0.0041102721291214365
2002-06-30,-0.08708110689046268,0.000977620460594228,-0.018183020253876823,0.03403881911878707,0.013877201301977803,0.03478193206844919,0.01977329600569295,0.027277834917649894,0.003543680830431109
2002-07-31,0.11973325020636096,-0.036155556393566934,0.0788320091001176,-0.010883037517064171,0.005888322145629264,0.0349412281538455,0.030451243750794825,0.004961978117377079,0.004173767955883311
2002-08-31,-0.04867172334205016,-0.049389206523464825,0.08339005748825248,-0.01272076957688689,-0.016552076414738184,0.0169825872276044,0.020405873507983466,-0.07546052973459895,0.003945652753167322
2002-09-30,-0.08458596746609028,-0.019272441537238887,-0.022005728857740364,0.00258013252049159,0.0015649547180963987,-0.0130212005545086,0.013910979019612281,0.008529823131407526,0.0038294179885696024
2002-10-31,0.09973638843762618,0.03841734034841196,-0.010891523085554418,0.04849608422616237,-0.01862374661632219,0.009792330932963318,-0.032090823560229076,0.009639784133948663,0.004202680566500172
2002-11-30,-0.0734006925203976,0.01897915673943658,0.06509288164114058,-0.011641384541111636,0.018047804344812346,0.027053614906551796,-0.02498301277505912,0.021974618594000312,0.0037933031525995225
2002-12-31,0.013972433911027825,0.03816238009984001,0.027427081824281916,0.060783923808392724,0.0401430100931952,-0.02947864164817102,0.01718539940571973,0.09373105721985996,0.003956760710268415
2003-01-31,0.05858793212013474,-0.0008375411445036701,0.05969022303247207,0.023856490019893376,0.02557140304673292,-0.009185067946413413,0.015949589394003424,-0.017667913493103638,0.004180144915130219
2003-02-28,0.06429391992546549,0.00978411697733992,-0.004108320035525126,-0.028954992378624544,0.05013084164623184,-0.04939183084732998,-0.02602933365942444,-0.08032972819083299,0.0035860050411753307
2003-03-31,-0.0414974909101617,0.02264911351200966,-0.035391691634362114,0.023332207775571854,0.019665339031125384,-0.0016447050646010292,-0.012154114622036616,0.0013013632944142966,0.003771593882113515
2003-04-30,-0.013653803216718228,-0.0027122230511656686,0.03602674404493717,0.004787438198677872,0.006390085282486536,0.03982641204317811,0.01782812110746059,0.022264601777623676,0.00394821319714672
2003-05-31,0.0009227994905353946,0.014141107344847794,-0.022407856765259374,-0.029871222488362763,0.010588928656218183,-0.07148207197084142,0.04051907292951328,-0.0031093931183496723,0.003983016815667589
2003-06-30,0.0003249034648049962,0.018401254736484934,0.002015774123772706,0.02396377294185782,-0.021469378475496348,0.01772205632521594,0.03123274383264419,0.06923762348541229,0.003804592893091501
2003-07-31,0.028552065196043735,0.014509073092900986,0.015797789086501316,-0.009323414969401088,0.027406494015799927,0.004526763514915804,0.009694048672024865,-0.003555911877220012,0.004119229455539953
2003-08-31,0.009355767909586987,0.014355811653314092,-0.020723805753218697,0.013406517711575602,0.0070434023806137565,0.027409877814775687,-0.02939616311069679,-0.012178637509143435,0.0037849776276716184
2003-09-30,0.024191333211007315,-0.004635425300545124,-0.006761606962579087,0.021897801183605438,0.016717244182932967,-0.09600683224363582,-0.05604745694279284,0.024948097618279264,0.004013776052840006
2003-10-31,0.04424242667115863,-0.025851110664726437,0.022827981204679985,-0.04458123835067203,-0.016230630158659564,0.052564963788835184,0.00086174423205327,-0.004139656488483839,0.004208354082112221
2003-11-30,-0.009936966814173644,-0.02451600514305651,-0.04803801392489762,0.010967511842238415,0.01850729194845057,0.0729937217757155,0.03982852919139247,-0.004197426538422651,0.0034698593506307055
2003-12-31,0.007532296229643056,-0.006607917670644989,-0.0009536513916043356,-0.012196350525165389,0.019449395620418617,-0.005849036992634698,-0.006281416371660818,-0.021024379833771645,0.0040967670712337475
2004-01-31,0.030174362973995228,-0.053367082952515965,-0.038775473229111394,-0.018129365459421874,-0.01326843168505845,0.010658626337960674,0.03896253825740469,-0.0026374031855494113,0.003936863718716644
2004-02-29,0.09197183947361276,0.02723559218768759,0.006001957424572782,0.046729070130080395,-0.015302273152010163,0.03845349798798223,-0.0031136680307735,0.010908385943710942,0.0036492873800428446
2004-03-31,0.0458984360734613,0.026660419378805613,-0.031468563274320294,0.0196498700140072,-0.017793981507821636,0.047981063882295914,-0.014023744375603879,0.0437786886536718,0.004030684360289627
2004-04-30,-0.05540504636286396,-0.047396270527073806,-0.06136247187792782,-0.003494978245719993,-0.023759987663011004,-0.03087419820416689,0.018845039576189757,-0.015888756091319605,0.003944688301508279
2004-05-31,-0.01604020076348401,-0.036159041266289396,-0.06628056524989655,-0.012616783195009449,0.013540285522137731,-0.0340290795398757,-0.009692191519070886,-0.015309248271136975,0.003820403566918525
2004-06-30,-0.07321746547052564,0.07697029344791631,-0.02904511187745676,-0.06698071692629154,0.03883378447765799,0.011075581403246394,0.0020470275378482025,0.01786848891231564,0.004002752591462029
2004-07-31,-0.06354123303921168,0.06829296128840229,0.009927837068012424,-0.020239212774066193,-0.004367813738619584,0.03670207834452311,0.009571076143167961,0.022815162021787978,0.003898275008702895
2004-08-31,-0.06098069105609447,0.044138232723315594,-0.03347325244948347,-0.0049194636367516425,0.008768607826792611,-0.007543843206909396,-0.010129317936238526,0.00645620572198354,0.003967708503077982
2004-09-30,0.017469539924823172,-0.02413179120257352,-0.0528712626032871,0.02236476825595904,0.013827922561790839,-0.0072028429079414,-0.00831371805962759,0.014704352162730692,0.0039344905017661995
2004-10-31,-0.02223991636827133,0.010612222230130575,-0.0663012999111501,-0.012155163915532162,-0.009089827297081656,-0.0015492828222218816,-0.03406020173614616,-0.00420740825150726,0.0038767990913971726
2004-11-30,-0.04836311918259368,0.018735981208985775,-0.022099610341068623,-0.017861076370019345,0.012564155506749023,0.03236740951043212,-0.02384178978696153,-0.05211493171824866,0.003964812489923805
2004-12-31,0.0005610173188588374,0.019982101288244757,0.009591512136849336,-0.01723929392525337,-0.0011047046710238439,-0.0087166427904239,0.02657873241506289,0.024788098208274097,0.004161479233629914
2005-01-31,0.05774582287892142,-0.007982056862594077,0.02034843705219054,0.012502332652997546,0.021164381558859892,-0.046398299039951775,-0.023412720637713783,0.024767232193094794,0.00373411675680418
2005-02-28,-0.00797137650654083,0.05083843733132696,-0.03609352299736138,-0.010855597810090569,-0.012984497666126084,0.039953206615103584,0.03489580570581282,0.0030503482942020347,0.003689732343297712
2005-03-31,0.06718183482260978,0.06209159202475741,-0.04751266838901526,-0.005212817183302979,-0.008943937952671765,0.004250603842429982,-0.01668188832802808,-0.05159865122749976,0.004118526843906286
2005-04-30,-0.017968001617610658,-0.016339347687990013,0.03983630667519085,0.03155573972734062,-0.0230158598854549,0.015191748259901517,0.0011495486809683627,0.03350398466915125,0.003790509140249489
2005-05-31,-0.05851322228899502,0.004218957890171853,0.04724932397894793,0.014440303026130029,-0.004142575917461381,0.003274437013480818,-0.021730833831249307,0.11782141648586929,0.003941301376958612
2005-06-30,-0.049295567374730044,0.029971333486581764,0.011209659880874476,-0.04049253680838113,0.03464404599686789,-0.006165344742195573,0.0023543390093226074,-0.026078746565682133,0.00393656584473757
2005-07-31,0.059197353029718486,0.015575242085709848,0.04990840962648388,0.005032383409244702,-0.008660273104876158,0.0029675820611240866,0.04031897620054469,0.005448945650383666,0.0037958959565958334
2005-08-31,-0.029190592609128582,-0.030082582069539614,0.0533155007393515,0.009022952449497953,-0.0007468443623353249,0.006875987824568908,-0.010096364456073335,0.08973955361426483,0.004091721492685873
2005-09-30,0.03033085850293692,-0.036413599303599005,-0.044322078678716306,0.031566934383013195,0.014563034828609007,-0.021791325898191095,0.01276467498367852,0.022126984555494805,0.0038869746283045716
2005-10-31,-0.0012047933857090806,0.0404152703517419,-0.021757937605527314,0.01795535687586895,0.0007780731565846057,0.009605541022657385,0.028131169268145025,-0.00453345693313691,0.0037967729855031386
2005-11-30,0.03445291397730503,-0.016419917364442493,-0.08288165406459597,0.020340698590516428,-0.029456470466350516,0.01141883968651528,0.03564468022970935,0.008580962305081385,0.004069594566743605
2005-12-31,-0.04435012573066903,-0.01740408949305148,-0.013055916370611566,-0.03638621911343832,-0.025818182359205456,-0.02042172871643836,-0.0036581710304882734,0.029533467188626396,0.003943384158710628
2006-01-31,9.336563996822055e-05,0.017196784884819384,0.023091877977622688,-0.041669475285958706,0.02816451576482988,0.029398619557861775,-0.013789082170339573,-0.005918179551047552,0.003995275223567177
2006-02-28,-0.09893829883170764,-0.004039484491124034,-0.0014305206702721583,0.00864535710483991,0.009321425715177516,0.023243594093560672,-0.012574893185635868,-0.039155873469086735,0.0036391316358841065
2006-03-31,-0.005106770674702853,0.03428775286224921,-0.02894430406138462,-0.08030013748870161,-0.019660773136243228,-0.002257340584671046,0.009819363779674293,0.011192305115282011,0.004111159875363907
2006-04-30,0.021800620510343392,0.023077019775265807,0.021308558683937315,0.01073862162881955,0.03369912743850493,0.016956859780130104,0.021494407344244723,0.01990289965090069,0.0036244099161230003
2006-05-31,-0.041139015535842934,0.02778294880358249,0.02409162899632954,-0.00037662082527620136,-0.017262516739842294,-0.0036983814240381108,0.05613322798993451,-0.09134876512716097,0.004120326415466604
2006-06-30,-0.04839162794009637,-0.005391746568029944,-0.009287172709656295,-0.03852917287156344,-0.009849776000698147,-0.005623647744071897,0.04631352735362251,0.027912137710035007,0.0039133552303201695
2006-07-31,-0.015667491497303756,-0.053639296541893304,0.017822855555411497,0.005681116082736549,0.030644718969115563,-0.057255465900833205,0.04379092073711693,-0.05126102137254868,0.003729765909846556
2006-08-31,-0.000382839297518988,0.04660159405728333,0.03357438004555049,-0.019764227279213578,-0.02521020979192983,0.01786900665863484,-0.00939065294307357,0.004410022614060153,0.004138329202756019
2006-09-30,-0.0004313798646946574,-0.003742715923444285,0.06174873651748816,0.005653059422208289,0.020283928724381287,-0.03938951730889843,0.01009814341557743,0.041453021287051126,0.0036880516425259495
2006-10-31,-0.028055516081361233,-0.03032203316896414,0.0010856841203631673,-0.06181628511168818,-0.007248587391921596,-0.026893772200517602,0.0887379521062137,0.03472240716775475,0.0038962194002082296
2006-11-30,-0.014554310771694303,0.09773535783653282,-0.013114701156059888,-0.02021636533464481,0.028974407702495583,0.000605903462926308,0.04095640551402508,0.014066131108388696,0.003917635051694328
2006-12-31,-0.07703225117343086,0.05157294420589116,-0.025703190518814527,0.008165856433321166,0.03908525141874984,-0.010443413473203728,-0.005689231073559076,0.04455801973955635,0.003797834737773125
2007-01-31,0.005212055131914065,-0.032178444034797235,0.006593724799622117,-0.01405270350057321,-0.018034721711574452,0.043952322642990704,0.014837278889304584,0.06352957217337975,0.0027938473239089772
2007-02-28,0.0932627302509057,0.0470849492293849,0.016498430976028742,-0.02395695355548814,0.031590601662490427,0.04041643605327032,0.03250818391970166,0.057967232934858726,0.0023576249139962407
2007-03-31,-0.03747525829711954,-0.02265549258636082,-0.013569787976501305,0.0026807430777427838,-0.014923167290672413,0.019714427667039344,0.012848374791854961,-0.10524876868359218,0.00266885379183513
2007-04-30,-0.047340645314504555,-0.044010808421516945,0.007596674973340958,-0.013761797915557317,0.008946089856273988,-0.007370279181222363,-0.01777809139271347,-0.06430619332389553,0.002482774820093005
2007-05-31,0.04918898119329946,-0.00900349060071759,-0.03642318960332643,0.012239224426413139,-0.0034405875393921205,0.03569015383987952,-0.014286351115244268,-0.030069931203088034,0.0027405918408412613
2007-06-30,0.033911206470851066,0.05348932590681592,-0.024925329789601006,0.03165078452565738,0.014575989829493876,-0.009996719580347957,-0.017187771609055772,-0.050456581276803525,0.0024574633270019724
2007-07-31,0.0232616571495613,0.05625626984656415,-0.017894230675731575,-0.009010990646446303,0.010108059779697172,0.013944624793561997,-0.00011018471395355355,0.029390484564273938,0.0026556416455017326
2007-08-31,0.03044606040362069,0.04057970746338879,-0.008687630643444435,-0.02377256198688802,0.023338625844089245,-0.01777765938427409,0.0068682767816304734,0.06186339936943553,0.00271154583885961
2007-09-30,0.003721013859577591,-0.002032068257471934,-0.026529566001788116,0.004865632344758692,0.024704885087460677,0.041454656664407646,0.023650304522383855,-0.01959286380003228,0.002396949820836248
2007-10-31,0.09280767779724311,-0.0031749153182929818,-0.005436843013292052,-0.0352105237294402,0.021635092898465495,0.04346017759607177,-0.018082705036468045,-0.004999950906600738,0.0028533821909036755
2007-11-30,-0.06617812721501931,0.07954269060692327,0.0306919913525981,-0.030030362036008403,-0.0003966049445272568,-0.0026333757760293054,0.03460181041540701,-0.028753966830844163,0.0026862883868705133
2007-12-31,0.12129686526966602,-0.09139278156212124,0.0704408671876244,0.030434134610844845,0.00727914264941705,-0.03978571244899672,0.004508050648758918,-0.020855557109765863,0.0025678141936074164
2008-01-31,0.12167552141308939,-0.03424617035383684,-0.049863912044296604,-0.009134335868284903,-0.027714071351396974,0.0847307390602735,-0.023627093155456965,0.08014159131311178,0.002777482500816392
2008-02-29,0.05475196747765582,-0.04537463361623452,-0.008645015619943772,0.032853880145152614,0.03068855976737966,-0.043206648242179,0.026915703897688686,0.08292514512687116,0.002565063881098985
2008-03-31,-0.32845191422967823,-0.11143427367292866,-0.014837901861955483,0.0018442679806645792,0.01987934012126309,-0.006479489202324043,0.028310576231187802,0.053076956923520054,0.0025477307771658445
2008-04-30,-0.07543243945985119,-0.08912235795418491,0.021074916286335697,0.016244775939325346,0.011530565173668274,0.006832608139480632,0.006116279279740776,0.03175196717864055,0.0026652778025152684
2008-05-31,-0.03571790624233897,-0.1271712495703139,0.005986328035132677,-0.022943628420557336,-0.03750228265542174,-0.024785219293162113,0.011025275874904726,0.08923836864322765,0.0025589549754679295
2008-06-30,-0.174575666613829,0.006649049023446708,-0.08249726986444883,-0.03625781191650817,-0.04062154811008576,-0.007491180300695684,0.10683568817665902,0.07357528256403605,0.002615919669128839
2008-07-31,0.06249419068079787,-0.0698911603363231,0.017828529965665352,0.025541584246807265,-8.668185480410393e-05,0.02631938864906897,-0.02401831957608961,-0.08658310610100388,0.002776673741734866
2008-08-31,-0.2398205054772558,-0.008465953716639784,0.015075225888429505,0.01824687550252065,0.031124792784620027,-0.00786148048556437,-0.03839955093699377,-0.036507580381060424,0.002538384751174925
2008-09-30,0.01037827790700208,-0.006726359892614289,-0.05461891246783301,-0.04570192427138682,-0.0073041698611568595,-0.05078506103687989,0.0012594131243938375,0.033008896551373255,0.0026388146999089934
2008-10-31,-0.1735902473955098,0.08521425809054552,0.0294788509544322,-0.03683166632910334,-0.0037207322963670846,0.017177018031688425,0.020734476337598867,-0.058190809992397216,0.0027139463412313002
2008-11-30,0.001791160068779947,5.987046219830313e-07,-0.041900472817422284,-0.04453383738690299,0.018602014421232212,0.011462374561488776,-0.04436658895727455,-0.006179988007151158,0.002371002526608236
2008-12-31,-0.018311653260969337,-0.024131725232389527,0.07601400546871977,0.010526539693403888,0.036251236639448015,0.009126206145266231,0.01396011060002877,-0.037079425698603875,0.002728167904733892
2009-01-31,0.012468940982315902,0.02842276799830077,-0.08624696293705217,0.08997575984099906,-0.020175132898444113,-0.04016419719446405,0.03015737895111669,-0.04380067389237727,0.0004824128984340802
2009-02-28,-0.07689249167638271,-0.02769959397777158,-0.05925349417574989,0.009824343776189008,-0.017233888863426958,0.07771665852240352,0.040879477289968796,-0.09705778856591124,0.00037917116849973563
2009-03-31,0.007772280725269667,-0.0009265496100248182,-0.04999833934555913,-0.026198780325466596,0.03916689738442628,-0.027540110670234753,0.05057184785888847,0.061993600801593156,0.0004211992892768777
2009-04-30,0.000564223924842463,-0.008266224889789705,-0.06551421611961715,0.059732401423380536,0.006467005106332737,-0.02522406411451807,0.016514803392137622,0.0704200298284973,0.0004662946981515207
2009-05-31,-0.013828272260096983,-0.020479228780563855,-0.002399185538312072,-0.00460692539385142,-0.016787696381773475,-0.022006153597652883,-0.05971635355791907,-0.04514886385896163,0.0004058334196072848
2009-06-30,0.04253925919990188,-0.03187810843814672,0.017665929655586943,-0.04539550939708722,-0.006556690629529432,0.02642358869272331,-0.027961800304701807,-0.013119457603604761,0.0004022545767236941
2009-07-31,-0.014354146104681744,0.006842152600593556,-0.021424577348913457,-0.003847727064735889,0.021622724464419606,0.03832968972488767,0.013495952913898216,-0.003518049616591877,0.0004957125884971576
2009-08-31,-0.02465567284430477,0.061260222747453054,0.04343865540324086,0.007013752374872891,-0.029217912070570094,-0.035490375880323694,-0.003195053149442491,-0.08761070076559223,0.0004166916140137757
2009-09-30,0.03106181381102867,-0.01037569129980348,-0.03735471334568089,-0.010114921473829263,-0.007510241769067041,0.027605160443680256,-0.057500428951984095,-0.019418116229833717,0.0004000538569369807
2009-10-31,0.011014164958297537,-0.0072358639276091045,0.007344671302451877,0.04460159990512397,0.03197521571374019,0.025773581251700987,-0.045392342567995105,0.020435424413324847,0.000399001863371052
2009-11-30,0.024839172368520356,-0.0006915741886958336,-0.002865575380228391,0.0013778078382505159,0.0323659209105854,0.03576530334757633,0.008176663179493351,-0.04723306843648499,0.00043050259386067914
2009-12-31,-0.026245005062820806,-0.003299021190547235,-0.021876894122278785,-0.021633325728534075,0.013366591354476945,0.024081835319318123,-0.0181692322839766,0.013485127826830402,0.00044668793662511685
2010-01-31,-0.004732541356491909,-0.008457109498590002,0.015172188320821744,0.013580456147716738,0.0030186755900439978,0.023760860417773495,0.026230579682411676,0.0084586446486085,0.00045919600247641614
2010-02-28,0.020932320765974077,0.010000173648461749,-0.0019377922710114718,0.03239822632537693,-0.03798928479370671,-0.03506351934376353,0.017066463388223777,-0.02436749245670715,0.0004299772031706997
2010-03-31,-0.006406225754656587,0.02874591737367029,0.017089503260185723,0.014997895838773775,0.032899405277458264,0.055777331361001256,0.00019008131619401188,0.005793322628384287,0.0004560672267096924
2010-04-30,-0.053221604223890495,-0.010865116176469028,0.013977591050825916,0.018684095838309562,-0.01474227680271786,-0.031296946826837674,0.07787242342641976,-0.026879263991352376,0.0004682144088192014
2010-05-31,-0.002558139223492745,-0.060897409812099644,0.029394938396865876,-0.011338182628130815,-0.00168484951522101,0.036690645595075295,0.02414841766081418,0.03637610384216873,0.0004088156199567515
2010-06-30,0.004627107330471962,-0.02226750323139975,-0.01985515366360692,0.02411510300473622,0.0017579480739747314,0.0038281889338200193,0.01849452947958863,-0.005887759708659716,0.00044920754474147385
2010-07-31,0.01525368772413499,0.08811539308579082,0.01738906178362122,0.022998660785251347,0.03645980579795931,-0.0285639442277532,0.01679695885827727,-0.025389524850622555,0.00047175006391973404
2010-08-31,0.009056327045885397,-0.0006123763581317304,-0.05373738722888677,-0.008787272933618714,-0.01913049891778739,-0.03166833735741373,-0.038381590866037034,0.017347533379716798,0.00045907341274192224
2010-09-30,-0.001497452705564745,-0.0004366632339573508,0.016149654960654403,0.00023465691224383405,0.00510414644358912,-0.034039420011728355,0.0038597574929073487,0.03706165561012849,0.0004170007892685017
2010-10-31,0.008801963270247088,0.010276167545906132,0.0009529124808997595,-0.0011434354973807734,0.010887530816975414,-0.02349215577474744,0.02572226638734111,0.0024023691190749076,0.0005020942704209403
2010-11-30,0.04982206954659084,0.002521436047143844,0.036211173476785055,-0.02339694149956449,0.011442240304122504,0.009989160098087839,-0.004302202113893811,0.035993937856474596,0.0004287028485746313
2010-12-31,0.02187595494233899,-0.0018068420213121724,-0.06712885736417233,0.06141206544921137,0.020542940852335927,-0.011947497097411617,0.032447073191191535,0.05883527504450138,0.0004797563780687259
2011-01-31,-0.02822484003560851,0.004941461169113606,-0.009004106746220854,0.08193400276799508,0.027380488771124634,0.04307627462451472,0.012962384934318793,-0.04082163715518614,0.00044462739485237075
2011-02-28,0.03981777657961534,0.00024328084811544486,0.027630164170418366,0.024204213947834174,-0.005957909968983816,-0.000946456394981907,0.015182704552683961,0.04546504928543159,0.00043145482465091717
2011-03-31,0.04176751283120508,-0.006372989143373312,0.024407887271961023,0.05605152297825081,-0.03000945569319012,-0.0057276509555697986,0.029001283849924696,0.10542500720071307,0.00047335842424832126
2011-04-30,0.03303691468183116,-0.0018248366664796547,-0.01725339244888025,-0.03835167293977985,0.008388272134438742,0.013469884127302701,-0.07091948080731778,0.02371251113918132,0.0004071484866217939
2011-05-31,-0.03827078983985957,0.0365138398117404,0.041033670044670865,0.008949312163779756,0.04237897676953737,0.02081795680090095,0.02755410303297918,-0.02252664912635173,0.0004291363592202556
2011-06-30,0.010618064566170673,0.00649682739275079,0.005022748790540883,0.0048511034284084605,0.0005904131823422437,0.02372592119749163,0.0653309917595779,-0.11917896308261455,0.0004184003219460744
2011-07-31,-0.05332969886389539,0.04377839844464741,0.005321874218505218,-0.005224869755632862,-0.036305262004464225,-0.012777742828079863,0.008218437195687631,0.02758714428373789,0.00043180405219759893
2011-08-31,-0.054708940050277086,-0.017112951363843394,-0.044884285018864524,0.022907067987153158,0.0033784613978180057,0.01401488058871164,0.08908794377348103,-0.043689262351320424,0.0004375315437753985
2011-09-30,0.07536153177796338,0.02151261007595792,0.0341759551118446,-0.062400343083689996,0.009223440188479565,-0.006441221737001042,-0.05026533075066861,-0.037646964879624344,0.0004464624211342267
2011-10-31,-0.004031533104160103,0.014149988153551177,0.02768369041229206,0.03200623671258672,0.003168117753088499,-0.028225022930006987,-0.03008820646434634,0.04987370722978913,0.00037253309178382146
2011-11-30,0.024044192705572814,0.02757413137461234,0.017264054517594725,0.039127054750736086,-0.010012105853532684,-0.01752585734719641,-0.009616070617895732,0.03947836228666364,0.00048429342576937246
2011-12-31,0.040299911158753046,0.03236952745114371,-0.05768750598641754,0.033881440409153404,0.019022534101954494,0.027421519473182877,0.026599870429170388,0.022133535514644163,0.00046177466258844936
2012-01-31,0.02516458307963263,0.026555147784055794,-0.05991506928400563,-0.0028342099575551834,0.007814464029032764,-0.016676454502024225,-0.007357605306621745,-0.005940782125739537,0.00042877875251268345
2012-02-29,0.049357069431488064,-0.04975305945099927,-0.011854360364288212,0.030325136382490164,0.0016992710813556627,0.03566071012046941,-0.025166478840170006,0.10052949129520433,0.0004531197440145209
2012-03-31,0.010799398573034394,0.0059574807413789255,-0.04583140561948572,-0.0652924258006962,0.019494061268146762,-0.028188837128850723,-0.003283112283821342,-0.09287764353859619,0.0004462152915156182
2012-04-30,0.022910061057333612,-0.03800762902098111,-0.0081486183524466,0.027216057023357228,-0.015453985302480966,0.040334119841434965,-0.007398052646451312,-0.04088821738004136,0.00044213815000177713
2012-05-31,0.049131341474445756,0.011511996898609704,-0.025312808713932544,-0.020367011203901452,-0.03276671709265985,0.011046723559916248,-0.01160350950663058,-0.017118908378558548,0.0005262576768383927
2012-06-30,-0.007734978255226913,-0.007196236772865882,-0.05705634913386708,0.04412470593828538,0.006258969276027754,-0.01763288686766927,-0.008460737705577382,-0.030750323762171426,0.0004849121154366796
2012-07-31,0.07362633877892891,-0.011425782216808443,-0.013688817459635277,-0.037317269798794156,0.029179707625739147,0.056463936772402995,0.0016923222453872704,-0.035351912856740636,0.00046253395118650965
2012-08-31,0.02918127658406471,-0.01815515658971175,-0.030886060607948525,0.03136809412440216,0.008653663441082232,-0.014721873064410033,-0.05027793779615341,-0.02779036090029231,0.0004650988781296537
2012-09-30,-0.02289151668726177,-0.0226004076254471,0.043657286542520664,0.023245049289359464,-0.0027358714921833557,0.029331959345638602,-3.14234365270834e-05,-0.0425544734115972,0.0003999303902446984
2012-10-31,-0.0016636589986139523,0.08551971328192462,-0.0030077502302637794,-0.007870306934429007,-0.04627419730198169,0.0036819940461027354,-0.03855674140868934,0.03255656880164476,0.0004362226767066608
2012-11-30,-0.003068025325156854,0.043716423804259295,-0.013261260125380439,0.0040327767465932855,-0.004191849229809184,0.022967826443914825,0.04977050588486266,0.048686388436752444,0.0003836406243152168
2012-12-31,0.020149528461140903,0.002101114793895616,-0.012806139541340234,-0.029324401906461812,0.0008657934350494259,-0.010496301768656006,0.00903879091832414,-0.04353506137511099,0.0004011644673350758
2013-01-31,0.0015168261154402639,-0.004161436037449187,-0.017619311804017837,-0.02813076732710987,0.02127375667742825,0.022579265518036032,0.054361423472944426,-0.09335804870123073,0.00042252381800402927
2013-02-28,0.03918353017463667,-0.023766115970088902,0.023050876475565123,0.006121776092595715,-0.0007790590244977926,0.013854260148735196,-0.009616744015111225,-0.029870030807165607,0.0003976029131276654
2013-03-31,0.031279431093838225,-0.013461146544357507,0.029180951774335617,0.021846009874171856,0.01723760440353314,-0.01045705010828446,-0.015290155368929593,0.029031713547781206,0.0004300831592504108
2013-04-30,0.04175387932493064,-0.0230833321618008,0.014073243901567941,-0.015954682646156706,0.01653070693280305,0.012253279107161463,-0.045752798909057715,0.007742676952975412,0.0005051747469240944
2013-05-31,-0.005971572304121939,-0.08684737905125244,-0.03043969703950871,0.0036316404337626814,-0.02615477789378062,-0.0005181516734789372,0.030722212574907454,-0.03160710726050366,0.0005320362195425127
2013-06-30,0.03130357261489474,0.01360893315094724,-0.0006438128580787993,-0.01661137072277579,0.007127991712568714,-0.026916569059840578,0.018989050994735537,0.06985922566426256,0.00039504017810354237
2013-07-31,0.020728320092641903,0.029167536494474244,-0.05560841392847331,0.036073112215966985,0.012505987699581125,0.06655717017617237,0.003134147935065311,-0.014380417189748435,0.0004179121291185168
2013-08-31,-0.00602980271793854,-0.012950531335538602,-0.003925145776154144,0.00410373364789956,0.05638071740313231,0.031128714082423715,0.051692581605022055,0.06456182133010548,0.0003786270375651239
2013-09-30,0.028220902274462945,0.07251701170504854,0.0016832684418445964,0.011311828680612946,-0.01064352190646696,0.00021963958400190563,0.012621582529463176,-0.018723994212268648,0.0003650316544091822
2013-10-31,0.011635902007536156,0.017815521968981847,-0.07190324052402869,-0.01224476923229805,-0.002750634021029885,0.03807737552134659,-0.01152285594805608,-0.06316234864354262,0.00047707086290258414
2013-11-30,-0.0323095628375896,-0.0021219198342571684,0.017768984441750395,-0.041062034652070874,0.006125621972477886,0.026352575621702432,-0.014630471402918352,0.0070735585477481495,0.0003432710280201121
2013-12-31,0.030629401858102284,0.03879691165051129,0.044803675781354683,0.022562443365217417,-0.030516185040150582,-0.04916993029901368,0.028664324975445292,0.0814344014046494,0.0004139355808133573
2014-01-31,-0.01806946048565494,-0.019337609427782707,0.00870539545930529,0.01108281506331682,-0.014356192185662506,0.010339950253576358,-0.02965386755446741,-0.008101803219013212,0.0004418381550892142
2014-02-28,-0.009850546861177433,-0.07312450593714964,0.0012649652599514222,0.02967257265403635,0.03964300845037975,-0.0548287546633402,-0.004057923216547292,-0.008566277267866653,0.00039293209375517834
2014-03-31,0.04690454416073182,-0.018023579902184627,0.03608983363163558,0.01603173461640761,-0.005022113107250613,0.01018628971824018,0.0014051791851783463,0.029195175449422992,0.0004816627080669588
2014-04-30,0.008087122639396505,0.005335702769234842,-0.014925810779465393,-0.02983134999964375,0.004252515736164074,0.011348544745880151,0.03895511175538292,-0.015713733923793823,0.0003272266492531706
2014-05-31,-0.00967260606037993,0.034258409423936036,0.04509161966200565,-0.008906839403624233,0.010530362944839087,-0.021366709518413827,0.04498218091572299,-0.020209542224801497,0.0003735715994765061
2014-06-30,0.006406407010725959,-0.030290028535663958,-0.02858752860324297,0.02516394010663042,-0.010683718666814562,0.04028478923523872,0.026393312741246212,0.044150899334534754,0.00030509362249828603
2014-07-31,0.007730080271066782,-0.012806603812398367,-0.02894301264995765,-0.03519575779170113,-0.007174870202730362,-0.05516020408476381,0.00028151463778392817,-0.009523605694458636,0.0004363159498418894
2014-08-31,0.024669588039511706,0.0041296584765166,0.00317895382386845,-0.0071708538100456205,0.010391838318192861,0.018851715411823244,-0.014805161341112599,-0.03484049968433945,0.00047362139996110625
2014-09-30,-0.0412994079270821,-0.020214528194782363,0.04998980246932735,-0.006380058217568454,0.0068184517754739295,0.022345672002151436,0.010692856864725165,0.08014525302640574,0.0003777429114204094
2014-10-31,0.006599655151163071,-0.043705994929457995,0.026929226525019147,-0.032045578711126954,0.01128027316738999,-0.005687270606541272,-0.04781726124504327,0.005461627166252205,0.0004208812879593405
2014-11-30,0.052921795824161316,0.051271732706053855,0.030628496124081098,-0.027318233012891855,0.026359400385148057,0.0005688132366497142,0.02745010742190988,0.043891200564973365,0.00040594823401482645
2014-12-31,0.010134130514612103,-0.0012852943499298275,0.0382348028145796,0.018089401572363398,-0.0016763783703187866,-0.00861050348679265,0.042514811381932964,-0.02101329630579845,0.00047791499499724716
2015-01-31,-0.024513250285550514,-0.036209208640420876,0.017053976842232126,-0.027912580333311326,0.029512579773107908,-0.017934231199867964,0.008069936693351279,0.0027671199387531557,0.0004906597809295902
2015-02-28,0.03916069422057922,0.012280836249405482,0.024168753352914178,-0.001312579907575196,0.0133124161056586,0.02638257974242207,-0.01733879718634197,0.05583888026092908,0.0004616335522810603
2015-03-31,0.007941123162561656,0.06471167721899308,-0.0017936576978208273,0.030264487893982117,-0.01294729636128992,0.08410022316603052,-0.005560932037827209,-0.028912041122795135,0.0004408324667467542
2015-04-30,0.07453616029656564,0.0368871034725364,0.043816695676966735,-0.024681679048257233,-0.035295866580253306,-0.012120100437689258,0.018052781208739627,-0.05303905845390848,0.00039561311164560526
2015-05-31,0.028345417272982523,0.02608236254502178,0.015599719164686937,-0.00406903300470536,0.01997221257599361,0.005954845755777996,0.011316223795306519,0.03074105555423825,0.0003993650446654512
2015-06-30,0.051032598769647226,-0.013452856950447551,-0.0016750879413568393,-0.03474570337297657,-0.007415893086846897,-0.0033193201036802386,-0.00914477080271457,-0.04891205907551574,0.00042850397586421826
2015-07-31,-0.018843620365856295,-0.002312207938111161,-0.03186803710955544,0.012733803760907948,0.0014267694650819626,0.007231475487949659,0.011256664754203213,0.027765327968477298,0.0004554675731342129
2015-08-31,-0.03252773953632048,0.022558597211081586,0.026457772361318566,-0.057060117558392624,-0.0012347447748555134,-0.004854835962602191,0.021304749037408418,-0.06195727023831399,0.00041630393696081913
2015-09-30,0.028690642228360225,0.03042422191510187,-0.017486769962914865,-0.006495946851477325,-0.00402697095838481,-0.001183645345375758,0.020651169663319317,0.00749420373915521,0.00043941923229253224
2015-10-31,0.017284433608922505,0.005308266236519458,0.051368182148072525,0.024810806696374702,-0.017266580916887302,0.027913468446022376,0.010886068312413639,0.023967582773848896,0.0004450014641870325
2015-11-30,0.018177647220694912,0.03684286753116005,0.061662078737023125,0.0305467230642184,0.02505099321911345,-0.008934041865328602,0.06589098234885828,-0.0002025284127277244,0.00047096470115718433
2015-12-31,-0.0024062276125065996,0.017672439413741532,0.009931499658966612,-0.01240734312974823,-0.002305865721904851,0.01757409405452686,0.012258018095610015,-0.10598117189036807,0.00043871876272964333
2016-01-31,-0.009883864829984105,-0.009805938044373576,-0.052176332881336225,0.009944208850458852,-0.005726318033087916,0.0352036925369124,0.0190269118067357,0.001103638467846787,0.0016045638993543794
2016-02-29,0.05908077739956401,-0.014565728706311669,0.011802559010136373,-0.019801955091556217,-0.03548985232012717,-0.008325366937765796,0.0029482722653467377,0.052732905314909415,0.001660655037278737
2016-03-31,-3.1722668861013104e-05,0.03812250955023308,-0.04295679695844447,-0.02463065066237635,0.00822570503610345,0.017230765440493227,-0.018056029817909984,0.0065960303051433,0.0018264877135519843
2016-04-30,0.059757654264743935,0.06703952745329628,0.013669253398355095,0.026769326198509948,-0.03224474449981319,0.009321807155607483,-0.004424565021955479,-0.01578258558928525,0.0017056403710536605
2016-05-31,0.003931472944050364,-0.03255752177760932,-0.016358494729283354,-0.007826657430004163,0.015055494047600667,-0.038072564683381875,0.018926209465465423,-0.008307387851682157,0.0017487087074089403
2016-06-30,0.004251161811071728,-0.031227980599372304,0.016179889543213057,0.002662648332062612,0.04830083191000306,-0.03788799507148497,-0.020136530273225837,-0.11712359260218189,0.0018361408716342882
2016-07-31,0.00011745043320668565,-0.00448742860476596,-0.024459999916066264,-0.005142853485371443,-0.017345535960193156,0.02821100606851303,-0.011800556389882987,-0.051013906675489475,0.0016808466026324554
2016-08-31,-0.018466733488674072,0.04129593686827866,-0.04902080708144153,0.008375145278915771,0.02746217354873247,0.0006664296004750773,0.027653664618876327,-0.014296867517256666,0.0019288216089849057
2016-09-30,-0.03051935202980876,0.040666914876630544,0.02195618736815581,0.057766419555423304,0.025186365441586353,0.029587242956176624,-0.0035556069033753617,-0.022121094975555818,0.0017667401882111946
2016-10-31,0.038305119037082884,-0.01784293300366558,-0.009883513480491522,-0.0061906786609958854,0.056911807243919886,0.04752623499535084,0.001898881132961783,0.028397375209403736,0.0017364194206960994
2016-11-30,0.016187108264180933,0.007808419485755261,0.03479498287137016,-0.004192702881850413,-0.0015691728292934256,0.037094887804208526,0.007049605605682477,0.05129356106367211,0.0017808437154442848
2016-12-31,0.011255412115815976,-0.030996732594764594,-0.017580078171832637,-0.04714815435945911,0.032600963165560146,0.0001727624102295887,-0.06066284034301681,-0.021671733642330847,0.0017614871101640798
2017-01-31,-0.010043130156816892,-0.005865420900351085,-0.029306019046276575,-6.890296690457466e-05,0.007572212874556885,-0.03080518802714302,0.053772977117929756,-0.03844177937517696,0.0018687106049703537
2017-02-28,0.03437361427303243,-0.0003880202607927045,0.04978460568937819,0.0011272542376119916,0.005437849366505867,0.022916931864877615,-0.003521943863319057,-0.014014462501174966,0.001572244432370242
2017-03-31,0.06838741743483401,-0.06461069455374992,-0.04188336384049098,-0.003542952102810309,0.0012439752648884033,-0.022934801953282225,-0.006375955360774692,0.0020344935893981883,0.0018049866562759723
2017-04-30,0.010414826495275269,-0.028623384637691218,0.026674640036795542,0.010781761284919913,-0.013947385408021049,0.008909521497493453,0.02620766493743223,-0.042363543593463907,0.0016406119375528495
2017-05-31,-0.003764582058904708,0.060990453210298334,-0.040586895706673606,-0.026943264313688223,-0.010583141546973268,0.013810387047490545,-0.007398017298359008,-0.029981178337703925,0.0018153767383912588
2017-06-30,0.05644655819010569,-0.03955416497635084,-0.016774784415895392,-0.037996917595452706,-0.002364964791222185,0.0010201326005013617,-0.031712649327482495,-0.07114546625950216,0.00182872707081944
2017-07-31,0.02454885075262452,0.016145479043121715,0.042716280824197976,-0.026209918130552207,0.018447289642586535,0.0029127298516703343,-0.02597751990584627,0.09886911354403627,0.001682266732928566
2017-08-31,-0.019927258672831866,0.046772510874846955,-0.10618038655459097,0.040867695439742814,-0.002319303533975396,-0.007004900673765418,0.0699995700922988,0.06519665397160943,0.0018684422739802334
2017-09-30,-0.01322705073713472,0.017619549417179838,0.013687293443656004,0.006145127345858415,-0.03988487988291085,-0.0030720047585199514,0.010110692500279257,0.07625149688315302,0.0017365048191944341
2017-10-31,-0.009088827765144539,0.03765561999067166,0.01366813698803615,-0.03204758142623773,-0.01882061699817502,0.0346624647365601,-0.04439899092508817,0.04900039188353855,0.0018250391504207794
2017-11-30,0.029200307713925053,-0.04347565232491289,0.0367585366216443,0.01265366255176242,-0.009263797291426314,0.03724177826223395,-0.011956453278429076,0.016971573908517005,0.0017247720132806228
2017-12-31,-0.008988077682082977,-0.0028477481224057502,-0.0009846343820462912,0.00030163121442283264,7.797779393983013e-05,-0.0726209819534046,0.03414295385018508,0.07613681522030422,0.0016815669571687757
2018-01-31,-0.01226286562804316,0.0291223854728921,0.021368010836143585,-0.025552185119006747,0.04086219752831569,0.043756957558817804,0.06540207090773102,0.005581904494454206,0.0018451706070662468
2018-02-28,0.009309250009622946,-0.002339067983692858,-0.010272385323875872,-0.01964545209994841,0.03155645047986193,-0.023641317066666438,-0.027924226134643446,0.01778558076170499,0.0016410138353120864
2018-03-31,-0.028955719055685045,0.01184347729985138,0.006169561040137973,-0.00033887932553936743,0.03413528836597672,0.016707382786493016,0.0351367198179972,0.08967315857653849,0.0018145659293049789
2018-04-30,-0.0020988126460083196,0.052444847119713436,0.04675521567219135,-0.023749111987896043,0.03472201990822813,-0.02590073650179219,0.009487395413152862,-0.08018172044627447,0.001677821232815435
2018-05-31,0.013903768300070752,-0.012222166721466993,0.01542076046589675,-0.05143872614447184,0.014603330690382804,-0.02746162358245957,-0.010236771849318177,0.067971194747567,0.0018303945093587617
2018-06-30,-0.03329425313351567,-0.004867475546613818,-0.026324633325952113,0.003438760718126854,0.01390936362766275,-0.015258094113014905,-0.018741323875589844,0.06044540963331194,0.001734319117011835
2018-07-31,-0.022255914715708758,0.02262897876049557,0.03866423663290354,-0.007820933650612684,0.011255633695559363,-0.05513227377256419,0.03299186573212659,0.0375351229477941,0.0016638174518868152
2018-08-31,0.002736087121266214,-0.03634359905632267,-0.007047154169203046,-0.01892020376620573,-0.017908128575185124,-0.017908707443218614,-0.03580177050807154,-0.08706047950882982,0.0018534743911926442
2018-09-30,0.00972302204068369,0.033871155946854276,0.015418953350235572,0.021438844080622507,-0.021408959243040666,0.01419530110783235,0.024240620328704013,0.02454503463549785,0.0016053397596920258
2018-10-31,-0.02236169556306191,-0.004114832518450136,0.015910161661647517,-0.04527282613585761,-0.014079352383177536,0.0017241752893956633,-0.006552597778123666,0.018934272961363883,0.001852541631661072
2018-11-30,-0.016850867708049132,0.0023672003858525442,0.00868486353085093,0.0024781401025350024,0.01142893456924645,-0.05281290359449492,0.041527218985326415,0.0071041440648246384,0.001747899121919892
2018-12-31,0.028316378890637834,-0.008971222271815042,-0.02492777792914918,-0.04491827124286862,0.009933784723599938,-0.017962045836312668,0.010804284929648036,-0.03219780157795677,0.0016141590405684908
2019-01-31,0.029629688216041974,0.03269019081226121,0.019864286915207686,-0.022848489936931785,0.0023054716846345196,0.023934967365841685,0.06629562130108567,0.02967252631169749,0.0017959031352170155
2019-02-28,0.06088236747538201,0.04244665783866967,-0.06313899236725642,-0.028864002435034918,0.019195008524039908,-0.013823097053464142,0.02676939371644594,-0.07342059567606854,0.0016638875896580272
2019-03-31,-0.04867176157038235,-0.04378191894840117,-0.024658297337672344,0.005682788677006095,-0.015224107967272183,0.020609319686797817,0.012222635859378501,-0.06368774076759899,0.0017246833313215295
2019-04-30,-0.011386742487251151,0.05577367095780193,-0.00987292992558927,0.00930451000765017,0.024258122073812498,0.009027108414945135,-0.02032241796512333,-0.04371012952210572,0.0018269340551235107
2019-05-31,0.014578170113323411,0.013876195946366358,-0.014013613421317168,-0.026078340103163053,0.007845228241891308,0.035845341449677555,-0.038125058371005154,0.049650926249046025,0.0018221811588210908
2019-06-30,0.07982677876896559,0.03046290485543195,-0.0028535910742792103,0.028962790021092054,-0.04317690981664281,0.04092554558751213,-0.023175761493627163,-0.007655218686561534,0.0016053420969380449
2019-07-31,0.014456527969715548,-0.03033126612056901,-0.07320559717406183,0.004191476935191285,0.024154563844940684,0.041192117212820324,-0.010345166452941736,0.0954654998130113,0.0017936760863044997
2019-08-31,0.03126138838244808,0.010275515701910274,-0.010367242140841778,0.021910604296315944,0.0175018490522162,-0.009331361578201018,-0.018079149554604667,-0.0738788463149649,0.0017430820038476904
2019-09-30,-0.02343296877747696,0.01031735744869785,-0.018892389061960734,0.033028346855839046,-0.009098612978198507,-0.024724440831639903,0.022571399024569266,-0.02350611057682996,0.0017380948060614107
2019-10-31,0.024794836918153894,-0.01195978104958516,-0.03151131385469655,0.008081703879049487,-0.0018511423704962089,0.03254496818557989,-0.01844271167382172,0.03480431792535657,0.0017775062442986628
2019-11-30,0.02164409691415326,0.011048690179039446,0.03723611388795411,0.00684969837014559,-0.005049033535053433,0.007195231363954701,-0.03034561339937607,0.003325741050406896,0.0016594116227215243
2019-12-31,0.027642998205355422,0.01471932262826621,0.03304349364344335,-0.03256047504243083,-0.013976235974314681,0.00458875795156654,0.007414386986094688,-0.02912629792924928,0.0018170253607536137
2020-01-31,0.007667579593488407,-0.04003154620824765,0.0022400203571140385,0.01779939284409743,0.017073689144879528,0.02106498504737633,0.034455668165977525,-0.0032761981711908455,0.0018830831308193124
2020-02-29,-0.08334519089139332,-0.04722604672041687,-0.024190620970006613,0.018199294249115705,-0.015217533495491951,-5.6066861633814226e-05,-0.0034045801552459003,0.07805884717977428,0.001545336277599018
2020-03-31,0.349248200617879,0.06539027772862727,0.06383308870758314,0.016870206059513733,-0.02164823602866806,0.045439285933475314,0.006277815053760625,-0.007518938651915763,0.0017814647692557986
2020-04-30,0.19072097594688886,0.007052943776487225,-0.027124485152809193,-0.06246167618331342,0.016331353924149403,-0.05456377833669782,-0.018455890602574708,0.010709355766004501,0.0018690146137655438
2020-05-31,0.026127301101138953,-0.013307287457473203,-0.023059000236063613,0.01519318057330939,-0.005819966264478572,0.014250894455678193,0.002970779616212576,0.04750935146464984,0.0016745090639545465
2020-06-30,0.019502769577329465,0.059235242222156335,0.05099393456219652,0.03218833817779165,-0.020389799983706727,0.0227081039107064,-0.0032265775253935373,0.013877280495593038,0.0017793629953936263
2020-07-31,0.024122565385059195,0.032430527346455094,0.011719873731761567,-0.004273104148900369,0.004212682964103311,0.0265332873106792,0.020362879452260847,0.07622497929251389,0.001852870052999042
2020-08-31,0.010569331051550867,0.0034119523892042897,0.07133553052748803,-0.023881857595444325,-0.0007036199445190946,-0.04359024294209573,0.006675806470956804,-0.03384466413702498,0.0016908463905234076
2020-09-30,0.017608525158272135,0.03958116748974886,-0.027365735878147075,0.008004750691034991,0.011792520897943973,0.0048935499389156974,-0.07174311231230111,0.043006387944706494,0.0018412968613595283
2020-10-31,0.013015995216229606,0.009740892993790488,-0.0274974528812384,0.012134670641243031,0.05300351756304669,0.01907699858495688,-0.013923569981422811,0.012887222814915538,0.0017523289531654628
2020-11-30,0.012878592989597067,0.0576829697783186,0.039453328426532944,-0.024997196336332118,0.016372757976299765,-0.020801076164532216,0.005658263253686781,0.008146264414719879,0.0016322275420827762
2020-12-31,0.005151855365620575,0.042660115372101036,-0.015049666672657395,0.08652414644170231,0.024214124807912928,-0.0086276150937665,-0.003134486252641181,-0.001840683833773082,0.0019070981201546665
2021-01-31,-0.02465943719890848,-0.03994965067995356,0.024048961993634693,-0.036891338208007995,-0.005756071368946286,0.07898375451120558,0.049403768849516444,0.10430763931980871,0.0016460176113198438
2021-02-28,0.05731503551859908,0.027033057763007094,0.028731264164104174,0.0028717997412178262,-0.00112505932985156,-0.014808097542316108,0.011403615073307678,0.10973933643430557,0.0016387075272996177
2021-03-31,0.005012637190461269,-0.0487715437659429,-0.008162319063364277,-0.0005885017528691004,0.025298591721363037,-0.01622970492869287,-0.01622985701688004,-0.00045886361661549337,0.0018282775753648722
2021-04-30,0.018795504229431687,0.027228595768442436,-0.06931875830513651,-0.0044855541613971275,-0.0038240868791115275,0.0026516935739714,0.007059811462479426,0.10363283559655045,0.0018431965339743377
2021-05-31,0.03129744333840134,-0.010630161284909843,0.06849997121090008,0.0037853527556082206,0.01901409336045418,-0.004998318072110344,0.02027416673876222,-0.023452815272963067,0.00169292169511662
2021-06-30,0.03397286763805236,-0.0492483654411954,-0.0060875461479345545,0.01122944549737415,-0.033650676008836186,-0.004244646986492132,-0.009885101715976775,-0.05808278974024374,0.0017959035796834208
2021-07-31,-0.006035521950947495,-0.013467359631541952,0.0044310931026580735,0.02609235022917983,-0.017454682088230845,0.019215157415967098,0.02672681520765921,-0.006090592338252123,0.0016840264701629929
2021-08-31,0.034780128838849365,0.06481168867258312,0.04062609993205414,0.025127700163386522,-0.02371220232171589,0.02835975156993347,0.04260318466781267,0.04644276837707321,0.0017948469763964868
2021-09-30,0.011064290407765598,0.04378178512699604,0.025101742514683296,-0.017534811587736558,-0.004550102068141609,0.02686715059943649,0.00552494818011424,0.05346627331158447,0.001765916519159003
2021-10-31,0.001684709985240659,0.03896785458471017,-0.09992353488309026,0.0012404405266432618,0.01233041888481392,0.00835390484588213,0.01946502149578915,0.013874343861227087,0.0016145369425814538
2021-11-30,0.0016324742583538583,0.003062465863265045,-0.022496131898376653,0.02096150906996379,0.05066722254453707,0.03161920405801591,0.01936320128634648,0.07020351781866782,0.0017030739953105855
2021-12-31,0.027002033672179026,-0.06037262082944469,0.07895498049838573,0.023415004363431996,-4.456567523623573e-05,0.029585825846785842,0.007413242117169094,0.018656592942437475,0.001769171457160271
2022-01-31,0.03408735790798186,0.08651620465099996,-0.03332346517809538,0.026019734760597556,-0.016183308009796827,0.007058069964882252,-0.004991914937926818,0.010946510243936027,0.00439733176900327
2022-02-28,-0.030226102817474294,0.01844796830152442,0.028832841246763774,0.006808874528393858,0.0051296527678724516,0.032765648487777695,-0.016545948818843418,-0.003924003988481388,0.004217003559754032
2022-03-31,0.03932336745042117,0.05211599081668852,0.03812168371105181,0.003605756254277577,0.031059671358296258,-0.07702205610444264,0.010253481906583052,0.04445428702362883,0.004804312552317207
2022-04-30,-0.035618604136390175,-0.01609792099450674,0.026328973322312745,-0.030119367015529176,-0.013017188089170455,0.019294767104969794,0.022563725333401424,0.03226198472319219,0.004380115162519448
2022-05-31,0.0026042201350745114,0.030663533437200675,-0.03844655919056731,0.00138225770801513,-0.006383834416771716,0.03425491202072192,0.03025407814642931,-0.05639271971086973,0.004663557967392287
2022-06-30,-0.0037843178955022892,0.008191281632173647,-0.021304145411716255,0.0016907004846197981,-0.025510182009332374,0.021157407366178514,-0.01243460505271403,-0.003325264779899546,0.004608002392367159
2022-07-31,0.018274276175602552,-0.0006723621151400673,0.016106185513345427,-0.036704326666630614,-0.028190238129288222,0.04981877264143443,0.03184186660713956,-0.02766483614967288,0.0043518558824732
2022-08-31,0.040827214515233246,0.00703540356927564,0.06427325344579055,-0.011772285320193775,0.010363063967143003,0.018465863816423497,-0.024599030045002038,0.10614533349595949,0.004799309701041647
2022-09-30,-0.001914149619831753,-0.023256804183691318,-0.12566394896890581,-0.012078109079605446,-0.04953241254389506,-0.018114276081898622,-0.010954986299643296,0.016502555752681555,0.004611735634639149
2022-10-31,0.043636015185620415,-0.028274042423870546,-0.024066677313975812,0.02532866298284318,0.013891416095395818,-0.00035325408199813127,0.03155996969731853,0.07228092998351793,0.0044741844160548295
2022-11-30,-0.014270683948961187,-0.006570509146502135,0.004781781147341029,0.030715053888740754,-0.007594366093664178,0.08020739370517325,-0.02756606684873889,0.007194609607564068,0.00458922420704358
2022-12-31,0.01781687764995544,-0.05101973825622073,-0.008756610434826914,-0.031301507449504475,0.03663797890254647,0.021947172027657197,-0.0053320481926892515,-0.023441268649625095,0.004605056102448293
2023-01-31,0.022196595720708215,-0.031022188852898355,-0.05795242715850963,-0.019402552108492854,-0.0028729593651031617,0.008529097427196312,0.007396018324637349,-0.04969037109653358,0.004561745738755501
2023-02-28,-0.02239659079510694,-0.0289567178660543,-0.030776228625177413,0.06182724979974077,0.015628080019926882,0.028777008583276937,0.05743422207824685,-0.005576671064129341,0.004179146110827083
2023-03-31,0.08584354813268065,0.004675924195997296,-0.056863859338111174,0.016024271777321623,0.0176604114562231,0.033573329528781205,0.015491406799224526,-0.041336986618717236,0.0048810708813785434
2023-04-30,0.036047382300415216,0.043065133934804226,0.023010396402028427,-0.01467863971678785,-0.0022741102430961146,-0.0279926649354451,0.006042058458397357,0.05270535263298834,0.0042103868059749925
2023-05-31,0.051112398860211704,-0.01590707454617185,0.015446424273205805,0.037518891266189076,0.0020651862550733068,0.02114742731989807,0.03399229197184025,0.0416475549493197,0.004873680871819382
2023-06-30,0.0015695181530117168,0.05416173897501795,-0.049328529217300555,0.0075311310226197255,0.0014067716661045632,-0.00931458561462599,0.039665615578182045,0.04127952049577051,0.004643776988706853
2023-07-31,0.05475169667776426,-0.002477602236466831,0.038784012496609926,-0.003000079667898289,-0.010934266556696406,-0.06893444801134692,0.009867152679062838,-0.05278469937501549,0.0044545556265086095
2023-08-31,0.03242650542169487,-0.019108577057589376,-0.005237922268836867,0.020148955287967743,0.04948393477838807,0.022516775935509402,0.050915081636901706,-0.06633937764962647,0.004905408570473418
2023-09-30,-0.03210387517661992,0.0068779086895409056,-0.005740724892194566,-0.013612839790902831,0.03719412217301926,-0.03862622790997472,0.011325659796638753,0.034889597428515016,0.004381428617527959
2023-10-31,0.009028170271877606,-0.008220245017457054,0.02947418797747785,0.0067945188182248015,0.010485462886625656,0.010378929999548255,-0.03819974843905063,-0.014387935921415592,0.004628862509259773
2023-11-30,-0.007997855979321598,-0.011742650412160806,-0.03558669187084856,0.01097957132900644,-0.0030376960387678027,-0.0550391240908822,-0.013390467064816183,0.02976556089143099,0.004547389534334867
2023-12-31,-0.06573092472206785,0.019070210376224767,0.00933487619638769,0.015320217256629826,0.010577059938420862,-0.011770900317128316,-0.02534514807017893,-0.00781796216171489,0.004297234569110046
2024-01-31,-0.021732720792533196,0.08634013326434661,-0.04733204115727071,-0.005581524671100621,-0.01858696479929132,-0.04395160751660145,0.0265693680888067,-0.03016741238356929,0.004871073082060503
2024-02-29,-0.021155889232607566,-0.014717516624102298,0.019916310012279555,0.015900975677345212,0.035427453556304576,0.0151424024777003,0.003431448016435493,-0.03522857705838088,0.004401217767610829
2024-03-31,-0.013258176053041483,0.03255661905291815,0.016265332683000896,0.010224505586613671,0.03122984048513466,0.01200130165846526,0.020638201029955276,-0.04793345572807365,0.004434243286727621
2024-04-30,0.02384376380690334,-0.020085229386248404,0.027408936355444103,0.0012249568270264366,-0.04352770013588637,-0.019795909567573343,-0.001414642542531987,-0.04406058688914692,0.004610477450683697
2024-05-31,0.04462966682356798,0.03900614000893864,-0.0003078078300338648,-0.019932972171402986,-0.019918987779250257,-0.03550686547592326,0.0033404807247304526,-0.08654991539260484,0.004842262911137515
2024-06-30,0.06694735298488334,-0.006386898565844288,0.02886402867988546,0.025529262275377336,-0.009549549215448141,-0.0236783254634242,-0.033049843841053535,0.03271004327360631,0.004170323879715504
2024-07-31,-0.03526142670477487,-0.04677027171785364,0.020585153022014885,0.020409676214470342,0.02165376891252907,-0.04382538969161083,-0.0018783527710866284,0.028031651412396837,0.004777453919785925
2024-08-31,0.0272083868508177,0.018418928917717778,-0.012108071434422036,0.013032557730138642,-0.02837640687249786,0.01959309466015029,0.03210235919916311,-0.03783305292842047,0.00458633114911524
2024-09-30,-0.03293167436571968,0.01633117721314956,0.030221400565272078,0.003989079567280213,0.00793618321159677,-0.028936037110343184,-0.01363567611213563,0.1006357123653807,0.004419977918450541
2024-10-31,0.08266865684113589,0.03120389176405874,0.021692032312148918,-0.015011163411225747,0.006387716703855328,-0.035345429299655916,-0.00517869902896036,0.02318471424741057,0.004861874855553334
2024-11-30,0.03420091891763737,0.05407517602746746,0.013638754150814482,0.00985624269305465,0.03014326134991775,-0.00945645638522256,-0.0026123619546303493,-0.013910614128966797,0.004418652042835321
2024-12-31,0.10055865366945466,-0.03861422193971217,-0.051258581110481,-0.003760980046398278,-0.011588457366596177,0.009018524568013494,-0.008256245547384489,-0.0649704231498807,0.0046579431802732125
2025-01-31,-0.00881620842801844,-0.03462154305849169,-0.05685937337120302,0.009709705566472146,-0.015925985660541406,0.004170959211231485,0.014160880284112502,0.019081782291543347,0.004862648334624719
2025-02-28,0.03273274655709764,0.03532158810374078,0.013240506706005614,-0.03328072112749461,-0.020514868397229193,0.0013311297693969623,0.021382679069028174,0.062206423916904834,0.004295018760898394
2025-03-31,-0.049528773593755106,0.02893913282352403,0.008175253793078471,-0.02623728966607446,0.025455614427580316,0.04471835341492734,-0.004586840390416176,-0.036756206005160046,0.004491195562286525
2025-04-30,0.00015346330373005885,0.00495883838008445,0.021619564615002012,-0.004453526071737496,0.013800123409316349,-0.05520436776682349,0.034581886613844384,0.03377710026445083,0.004608030010109798
2025-05-31,-0.07677033638731205,0.018767941890948745,-0.01809423560873398,0.014134083346671222,-0.009611948311973602,-0.02408101899358118,0.02514062372661647,0.05176166955433441,0.004584931849609855
2025-06-30,-0.04043357249762312,0.015584980017716556,0.007027631121066811,-0.03865842275541597,0.006604807390052231,-0.021242861984884252,-0.023879846192896573,0.009340200381292654,0.004330073335513641
